TransactionID,Timestamp,ProductID,Quantity,PricePerUnit,CostPerUnit,TotalPrice,TotalCost,Region,Channel
1,2025-12-09 09:21:12.219339,p039,9,466.04,308.7,4194.36,2778.3,Central,Shop B
2,2025-12-09 09:22:12.219339,p037,3,102.34,57.78,307.02,173.34,East,Shop B
3,2025-12-09 09:23:12.219339,p039,5,62.54,48.63,312.7,243.15,Central,Webstore
4,2025-12-09 09:24:12.219339,p046,7,247.87,174.66,1735.09,1222.62,East,Shop B
5,2025-12-09 09:25:12.219339,p033,4,496.3,368.36,1985.2,1473.44,South,Shop B
6,2025-12-09 09:26:12.219339,p015,7,318.79,251.85,2231.53,1762.95,South,Shop A
7,2025-12-09 09:27:12.219339,p033,5,79.42,43.96,397.1,219.8,East,Shop A
8,2025-12-09 09:28:12.219339,p013,1,290.79,173.51,290.79,173.51,East,Shop A
9,2025-12-09 09:29:12.219339,p009,7,185.02,109.86,1295.14,769.02,Central,Webstore
10,2025-12-09 09:30:12.219339,p027,5,128.19,72.24,640.95,361.2,North,Webstore
11,2025-12-09 09:31:12.219339,p046,6,16.51,8.89,99.06,53.34,West,Shop B
12,2025-12-09 09:32:12.219339,p016,2,412.71,273.5,825.42,547.0,Central,Shop A
13,2025-12-09 09:33:12.219339,p007,9,288.27,144.36,2594.43,1299.24,Central,Shop A
14,2025-12-09 09:34:12.219339,p023,9,95.8,63.99,862.2,575.91,North,Shop A
15,2025-12-09 09:35:12.219339,p010,8,144.08,105.81,1152.64,846.48,East,Shop A
16,2025-12-09 09:36:12.219339,p039,1,360.58,264.76,360.58,264.76,Central,Webstore
17,2025-12-09 09:37:12.219339,p046,8,414.72,261.27,3317.76,2090.16,South,Shop B
18,2025-12-09 09:38:12.219339,p001,9,349.2,216.62,3142.8,1949.58,Central,Webstore
19,2025-12-09 09:39:12.219339,p001,1,16.58,8.39,16.58,8.39,Central,Shop B
20,2025-12-09 09:40:12.219339,p050,2,172.75,131.19,345.5,262.38,South,Shop A
21,2025-12-09 09:41:12.219339,p023,7,192.32,134.4,1346.24,940.8,South,Shop B
22,2025-12-09 09:42:12.219339,p049,3,234.13,184.64,702.39,553.92,Central,Shop B
23,2025-12-09 09:43:12.219339,p038,9,42.36,26.44,381.24,237.96,West,Webstore
24,2025-12-09 09:44:12.219339,p046,3,66.43,47.55,199.29,142.65,Central,Webstore
25,2025-12-09 09:45:12.219339,p012,8,192.8,105.08,1542.4,840.64,South,Shop A
26,2025-12-09 09:46:12.219339,p012,1,222.52,130.91,222.52,130.91,Central,Shop B
27,2025-12-09 09:47:12.219339,p023,2,230.71,123.12,461.42,246.24,North,Shop A
28,2025-12-09 09:48:12.219339,p014,8,206.33,145.66,1650.64,1165.28,West,Shop A
29,2025-12-09 09:49:12.219339,p043,3,206.14,143.13,618.42,429.39,Central,Webstore
30,2025-12-09 09:50:12.219339,p011,5,146.84,112.03,734.2,560.15,Central,Shop A
31,2025-12-09 09:51:12.219339,p014,1,74.74,38.74,74.74,38.74,East,Webstore
32,2025-12-09 09:52:12.219339,p018,3,356.42,195.49,1069.26,586.47,West,Shop B
33,2025-12-09 09:53:12.219339,p010,4,121.12,93.89,484.48,375.56,South,Webstore
34,2025-12-09 09:54:12.219339,p046,1,481.52,310.68,481.52,310.68,East,Webstore
35,2025-12-09 09:55:12.219339,p038,3,281.17,197.05,843.51,591.15,South,Webstore
36,2025-12-09 09:56:12.219339,p002,5,360.19,190.14,1800.95,950.7,South,Webstore
37,2025-12-09 09:57:12.219339,p027,7,21.66,12.3,151.62,86.1,Central,Shop A
38,2025-12-09 09:58:12.219339,p039,9,79.0,42.22,711.0,379.98,Central,Shop A
39,2025-12-09 09:59:12.219339,p049,6,459.04,361.36,2754.24,2168.16,West,Shop A
40,2025-12-09 10:00:12.219339,p017,3,421.25,216.12,1263.75,648.36,North,Shop B
41,2025-12-09 10:01:12.219339,p050,6,468.04,301.33,2808.24,1807.98,West,Shop A
42,2025-12-09 10:02:12.219339,p008,2,259.08,143.62,518.16,287.24,West,Webstore
43,2025-12-09 10:03:12.219339,p036,7,58.24,37.82,407.68,264.74,East,Webstore
44,2025-12-09 10:04:12.219339,p024,6,129.67,98.21,778.02,589.26,West,Shop B
45,2025-12-09 10:05:12.219339,p038,9,488.95,368.15,4400.55,3313.35,Central,Webstore
46,2025-12-09 10:06:12.219339,p040,2,115.86,66.89,231.72,133.78,North,Shop A
47,2025-12-09 10:07:12.219339,p010,1,433.27,292.37,433.27,292.37,East,Webstore
48,2025-12-09 10:08:12.219339,p009,6,383.09,294.68,2298.54,1768.08,West,Webstore
49,2025-12-09 10:09:12.219339,p028,5,317.85,228.6,1589.25,1143.0,South,Shop B
50,2025-12-09 10:10:12.219339,p005,2,460.72,232.78,921.44,465.56,West,Shop B
51,2025-12-09 10:11:12.219339,p035,2,60.23,43.99,120.46,87.98,North,Shop B
52,2025-12-09 10:12:12.219339,p035,3,491.57,361.88,1474.71,1085.64,South,Shop B
53,2025-12-09 10:13:12.219339,p024,3,25.2,16.71,75.6,50.13,West,Shop B
54,2025-12-09 10:14:12.219339,p007,2,89.25,59.26,178.5,118.52,North,Webstore
55,2025-12-09 10:15:12.219339,p010,5,136.44,69.02,682.2,345.1,West,Shop A
56,2025-12-09 10:16:12.219339,p034,2,447.14,244.29,894.28,488.58,South,Shop B
57,2025-12-09 10:17:12.219339,p039,5,206.23,124.79,1031.15,623.95,Central,Shop B
58,2025-12-09 10:18:12.219339,p041,5,232.92,129.27,1164.6,646.35,East,Shop A
59,2025-12-09 10:19:12.219339,p022,6,119.69,90.08,718.14,540.48,North,Shop B
60,2025-12-09 10:20:12.219339,p030,9,252.22,133.07,2269.98,1197.63,South,Shop B
61,2025-12-09 10:21:12.219339,p005,7,217.04,131.46,1519.28,920.22,East,Webstore
62,2025-12-09 10:22:12.219339,p043,6,465.71,255.61,2794.26,1533.66,South,Webstore
63,2025-12-09 10:23:12.219339,p038,8,229.15,135.0,1833.2,1080.0,North,Shop B
64,2025-12-09 10:24:12.219339,p014,4,276.34,157.67,1105.36,630.68,East,Webstore
65,2025-12-09 10:25:12.219339,p012,6,282.19,205.77,1693.14,1234.62,North,Shop B
66,2025-12-09 10:26:12.219339,p047,5,462.18,275.14,2310.9,1375.7,Central,Shop A
67,2025-12-09 10:27:12.219339,p016,4,157.68,112.03,630.72,448.12,Central,Shop A
68,2025-12-09 10:28:12.219339,p009,6,459.96,359.05,2759.76,2154.3,North,Shop A
69,2025-12-09 10:29:12.219339,p003,6,489.08,279.25,2934.48,1675.5,Central,Shop A
70,2025-12-09 10:30:12.219339,p044,4,98.38,58.59,393.52,234.36,East,Webstore
71,2025-12-09 10:31:12.219339,p028,8,255.97,203.08,2047.76,1624.64,West,Shop B
72,2025-12-09 10:32:12.219339,p022,1,117.27,88.76,117.27,88.76,North,Shop A
73,2025-12-09 10:33:12.219339,p033,5,170.02,107.73,850.1,538.65,West,Shop A
74,2025-12-09 10:34:12.219339,p030,8,26.99,20.87,215.92,166.96,North,Shop A
75,2025-12-09 10:35:12.219339,p003,4,52.56,30.31,210.24,121.24,Central,Shop A
76,2025-12-09 10:36:12.219339,p015,6,204.41,151.76,1226.46,910.56,North,Webstore
77,2025-12-09 10:37:12.219339,p020,1,379.94,282.07,379.94,282.07,West,Shop B
78,2025-12-09 10:38:12.219339,p027,1,189.2,135.23,189.2,135.23,West,Webstore
79,2025-12-09 10:39:12.219339,p025,3,486.88,263.33,1460.64,789.99,North,Shop B
80,2025-12-09 10:40:12.219339,p050,6,68.4,43.51,410.4,261.06,Central,Shop A
81,2025-12-09 10:41:12.219339,p043,7,381.42,202.16,2669.94,1415.12,North,Shop B
82,2025-12-09 10:42:12.219339,p040,7,451.45,324.84,3160.15,2273.88,South,Shop B
83,2025-12-09 10:43:12.219339,p015,7,337.88,197.43,2365.16,1382.01,North,Shop B
84,2025-12-09 10:44:12.219339,p010,7,18.89,11.58,132.23,81.06,Central,Webstore
85,2025-12-09 10:45:12.219339,p026,1,468.58,295.09,468.58,295.09,Central,Webstore
86,2025-12-09 10:46:12.219339,p033,7,491.43,331.7,3440.01,2321.9,North,Shop A
87,2025-12-09 10:47:12.219339,p050,8,333.23,222.53,2665.84,1780.24,West,Shop B
88,2025-12-09 10:48:12.219339,p046,7,56.84,42.48,397.88,297.36,North,Webstore
89,2025-12-09 10:49:12.219339,p027,3,11.27,5.78,33.81,17.34,North,Shop A
90,2025-12-09 10:50:12.219339,p047,5,367.11,233.99,1835.55,1169.95,South,Shop A
91,2025-12-09 10:51:12.219339,p036,2,188.38,111.33,376.76,222.66,North,Webstore
92,2025-12-09 10:52:12.219339,p001,7,475.03,277.66,3325.21,1943.62,West,Webstore
93,2025-12-09 10:53:12.219339,p020,2,418.92,275.56,837.84,551.12,West,Shop B
94,2025-12-09 10:54:12.219339,p048,1,448.83,337.57,448.83,337.57,South,Webstore
95,2025-12-09 10:55:12.219339,p022,1,476.47,265.78,476.47,265.78,West,Shop A
96,2025-12-09 10:56:12.219339,p044,5,317.69,232.58,1588.45,1162.9,South,Webstore
97,2025-12-09 10:57:12.219339,p004,2,399.09,247.39,798.18,494.78,Central,Webstore
98,2025-12-09 10:58:12.219339,p006,2,381.7,273.53,763.4,547.06,North,Shop B
99,2025-12-09 10:59:12.219339,p046,3,232.27,122.55,696.81,367.65,East,Shop B
100,2025-12-09 11:00:12.219339,p050,5,127.09,91.65,635.45,458.25,South,Shop A
101,2025-12-09 11:39:46.323800,p020,2,194.24,141.0,388.48,282.0,Central,Webstore
102,2025-12-09 11:39:51.361923,p046,1,281.41,215.34,281.41,215.34,West,Webstore
103,2025-12-09 11:39:56.370435,p002,6,355.11,224.68,2130.66,1348.08,South,Shop B
104,2025-12-09 11:40:01.390746,p026,7,440.43,257.91,3083.01,1805.37,East,Shop A
105,2025-12-09 11:40:06.399004,p018,7,240.77,187.83,1685.39,1314.81,West,Shop A
106,2025-12-09 11:40:11.415014,p034,2,67.98,43.71,135.96,87.42,East,Shop A
107,2025-12-09 11:40:16.424284,p040,9,312.36,178.82,2811.24,1609.38,Central,Shop A
108,2025-12-09 11:40:21.434465,p046,1,407.83,274.13,407.83,274.13,West,Shop A
109,2025-12-09 11:40:26.450515,p015,4,440.26,271.96,1761.04,1087.84,South,Shop B
110,2025-12-09 11:40:31.461194,p008,2,106.17,66.97,212.34,133.94,West,Shop A
111,2025-12-09 11:40:36.470708,p038,5,283.24,207.87,1416.2,1039.35,Central,Shop B
112,2025-12-09 11:40:41.479283,p023,3,285.73,203.24,857.19,609.72,North,Shop B
113,2025-12-09 11:40:46.488506,p037,4,365.7,224.91,1462.8,899.64,Central,Shop A
114,2025-12-09 11:40:51.514519,p013,8,349.69,230.04,2797.52,1840.32,West,Shop B
115,2025-12-09 11:40:56.592639,p036,4,463.33,308.3,1853.32,1233.2,Central,Shop B
116,2025-12-09 11:41:01.686091,p041,6,156.26,120.9,937.56,725.4,South,Webstore
117,2025-12-09 11:41:06.697451,p004,1,125.07,96.74,125.07,96.74,South,Webstore
118,2025-12-09 11:41:11.710575,p048,5,135.02,97.53,675.1,487.65,Central,Shop B
119,2025-12-09 11:41:16.884828,p011,5,332.24,265.43,1661.2,1327.15,East,Shop A
120,2025-12-09 11:41:21.904800,p036,1,57.59,29.29,57.59,29.29,Central,Shop A
121,2025-12-09 11:41:26.915962,p044,3,391.04,200.22,1173.12,600.66,Central,Shop A
122,2025-12-09 11:41:31.926160,p045,6,404.76,254.91,2428.56,1529.46,Central,Shop A
123,2025-12-09 11:41:36.934989,p022,8,302.79,174.78,2422.32,1398.24,East,Shop B
124,2025-12-09 11:41:41.943930,p047,1,94.61,58.92,94.61,58.92,North,Shop B
125,2025-12-09 11:41:46.955355,p048,6,161.0,84.53,966.0,507.18,East,Shop B
126,2025-12-09 11:41:51.967602,p018,2,34.53,20.42,69.06,40.84,West,Shop B
127,2025-12-09 11:41:56.981920,p047,1,186.57,100.65,186.57,100.65,North,Shop B
128,2025-12-09 11:42:02.001232,p031,5,494.04,353.56,2470.2,1767.8,South,Webstore
129,2025-12-09 11:42:07.016536,p012,4,287.62,189.57,1150.48,758.28,North,Shop A
130,2025-12-09 11:42:12.027226,p001,3,346.34,249.41,1039.02,748.23,East,Webstore
131,2025-12-09 11:42:17.042902,p027,9,445.3,303.2,4007.7,2728.8,West,Shop B
132,2025-12-09 11:42:22.058460,p032,2,51.19,31.74,102.38,63.48,East,Webstore
133,2025-12-09 11:42:27.070587,p022,7,354.61,206.12,2482.27,1442.84,Central,Webstore
134,2025-12-09 11:42:32.084741,p007,5,259.88,202.63,1299.4,1013.15,East,Shop B
135,2025-12-09 11:42:37.101944,p027,6,257.98,180.72,1547.88,1084.32,South,Shop B
136,2025-12-09 11:42:42.117720,p046,2,137.76,76.28,275.52,152.56,East,Webstore
137,2025-12-09 11:42:47.133350,p048,2,210.85,117.64,421.7,235.28,North,Webstore
138,2025-12-09 11:42:52.149138,p037,8,201.8,131.68,1614.4,1053.44,Central,Shop A
139,2025-12-09 11:42:57.158447,p003,3,393.47,229.55,1180.41,688.65,East,Webstore
140,2025-12-09 11:43:02.174222,p020,1,496.98,326.48,496.98,326.48,Central,Webstore
141,2025-12-09 11:43:07.190890,p006,4,306.67,212.29,1226.68,849.16,South,Shop B
142,2025-12-09 11:43:12.206072,p027,7,301.82,181.55,2112.74,1270.85,West,Webstore
143,2025-12-09 11:43:17.217127,p048,9,387.07,291.8,3483.63,2626.2,East,Shop B
144,2025-12-09 11:43:22.232385,p030,2,189.59,108.88,379.18,217.76,West,Webstore
145,2025-12-09 11:43:27.246920,p007,6,490.6,337.02,2943.6,2022.12,South,Webstore
146,2025-12-09 11:43:32.258290,p041,7,73.74,46.79,516.18,327.53,West,Shop B
147,2025-12-09 11:43:37.268815,p023,5,119.9,72.97,599.5,364.85,North,Webstore
148,2025-12-09 11:43:42.277453,p044,5,316.94,227.14,1584.7,1135.7,West,Shop A
149,2025-12-09 11:43:47.290855,p011,8,177.26,108.84,1418.08,870.72,East,Webstore
150,2025-12-09 11:43:52.305422,p021,1,250.53,157.13,250.53,157.13,West,Shop A
151,2025-12-09 11:43:57.315781,p037,8,317.98,246.15,2543.84,1969.2,West,Shop B
152,2025-12-09 11:44:02.331147,p037,3,486.07,314.06,1458.21,942.18,North,Shop A
153,2025-12-09 11:44:07.341742,p026,7,450.47,269.11,3153.29,1883.77,Central,Shop B
154,2025-12-09 11:53:42.508824,p035,2,123.1,84.81,246.2,169.62,East,Shop A
155,2025-12-09 11:53:47.514943,p040,8,128.03,73.31,1024.24,586.48,West,Shop A
156,2025-12-09 11:53:52.595227,p046,9,91.48,46.4,823.32,417.6,North,Shop B
157,2025-12-09 11:53:57.615810,p045,9,145.65,73.81,1310.85,664.29,West,Shop B
158,2025-12-09 11:54:02.624173,p013,3,170.2,122.06,510.6,366.18,Central,Shop B
159,2025-12-09 11:54:07.640324,p015,5,54.34,43.03,271.7,215.15,Central,Shop B
160,2025-12-09 11:54:12.652157,p008,9,290.17,149.17,2611.53,1342.53,North,Shop B
161,2025-12-09 11:54:17.662473,p027,8,218.1,158.35,1744.8,1266.8,East,Shop A
162,2025-12-09 11:54:22.673883,p009,4,56.83,32.05,227.32,128.2,West,Shop A
163,2025-12-09 11:54:27.679084,p017,9,384.45,257.17,3460.05,2314.53,South,Shop B
164,2025-12-09 11:54:32.685164,p046,3,365.34,270.5,1096.02,811.5,West,Webstore
165,2025-12-09 11:54:37.700386,p047,8,92.91,70.19,743.28,561.52,South,Shop B
166,2025-12-09 11:54:42.713296,p025,3,109.51,76.53,328.53,229.59,North,Shop B
167,2025-12-09 11:54:47.720203,p022,6,59.6,36.0,357.6,216.0,South,Webstore
168,2025-12-09 11:54:52.731652,p033,3,170.85,106.95,512.55,320.85,West,Shop A
169,2025-12-09 11:54:57.741167,p019,9,17.79,11.05,160.11,99.45,East,Webstore
170,2025-12-09 11:55:02.749463,p031,4,74.4,54.1,297.6,216.4,North,Shop A
171,2025-12-09 11:55:07.759231,p033,8,387.89,260.93,3103.12,2087.44,East,Webstore
172,2025-12-09 11:55:12.766467,p031,6,206.3,126.45,1237.8,758.7,West,Shop A
173,2025-12-09 11:55:17.782806,p036,6,404.16,291.59,2424.96,1749.54,Central,Shop A
174,2025-12-09 11:55:22.799163,p008,3,244.77,188.16,734.31,564.48,East,Shop A
175,2025-12-09 11:55:27.816634,p032,5,141.46,85.79,707.3,428.95,North,Webstore
176,2025-12-09 11:55:32.833299,p043,1,450.79,319.37,450.79,319.37,South,Shop B
177,2025-12-09 11:55:37.851228,p009,1,251.25,150.43,251.25,150.43,Central,Webstore
178,2025-12-09 11:55:42.861074,p034,6,304.7,177.46,1828.2,1064.76,Central,Shop B
179,2025-12-09 11:55:47.866503,p039,5,463.5,304.36,2317.5,1521.8,East,Webstore
180,2025-12-09 11:55:52.878154,p006,9,129.37,90.35,1164.33,813.15,Central,Shop B
181,2025-12-09 11:55:57.898484,p024,2,18.55,12.47,37.1,24.94,Central,Shop A
182,2025-12-09 11:56:02.921286,p028,1,313.45,240.82,313.45,240.82,North,Webstore
183,2025-12-09 11:56:07.950876,p046,7,362.67,189.43,2538.69,1326.01,East,Shop B
184,2025-12-09 11:56:12.969691,p001,7,51.0,35.68,357.0,249.76,East,Webstore
185,2025-12-09 11:56:17.990590,p026,3,302.1,223.01,906.3,669.03,North,Shop B
186,2025-12-09 11:56:23.008278,p043,1,60.05,36.19,60.05,36.19,East,Webstore
187,2025-12-09 11:56:28.030691,p019,5,271.41,196.83,1357.05,984.15,North,Shop A
188,2025-12-09 11:56:33.062759,p029,9,337.74,227.45,3039.66,2047.05,South,Shop B
189,2025-12-09 11:56:38.073736,p031,7,342.97,261.36,2400.79,1829.52,Central,Shop A
190,2025-12-09 11:56:43.084247,p050,8,58.13,30.99,465.04,247.92,South,Webstore
191,2025-12-09 11:56:48.102778,p028,6,137.02,81.04,822.12,486.24,West,Shop A
192,2025-12-09 11:56:53.122248,p034,5,23.73,16.12,118.65,80.6,East,Webstore
193,2025-12-09 11:56:58.140586,p007,9,119.32,86.56,1073.88,779.04,Central,Webstore
194,2025-12-09 11:57:03.159397,p043,3,254.33,183.03,762.99,549.09,West,Shop A
195,2025-12-09 11:57:08.177977,p026,1,48.35,38.54,48.35,38.54,South,Webstore
196,2025-12-09 11:57:13.198673,p031,6,240.06,189.54,1440.36,1137.24,North,Shop B
197,2025-12-09 11:57:18.219431,p013,2,351.05,185.5,702.1,371.0,West,Shop A
198,2025-12-09 11:57:23.237921,p047,4,15.61,8.81,62.44,35.24,Central,Webstore
199,2025-12-09 11:57:28.248117,p030,7,417.84,220.83,2924.88,1545.81,North,Shop B
200,2025-12-09 11:57:33.267292,p002,6,105.5,80.95,633.0,485.7,East,Shop A
201,2025-12-09 11:57:38.287265,p016,4,359.89,185.09,1439.56,740.36,South,Shop A
202,2025-12-09 11:57:43.305540,p042,8,75.29,45.92,602.32,367.36,North,Shop B
203,2025-12-09 11:57:48.315857,p040,2,317.59,198.83,635.18,397.66,North,Shop B
204,2025-12-09 11:57:53.335884,p027,8,276.83,153.02,2214.64,1224.16,Central,Shop B
205,2025-12-09 11:57:58.357033,p032,5,353.42,263.38,1767.1,1316.9,North,Shop A
206,2025-12-09 11:58:03.379211,p041,8,217.0,135.17,1736.0,1081.36,North,Webstore
207,2025-12-09 11:58:08.393352,p034,7,234.88,117.98,1644.16,825.86,Central,Shop B
208,2025-12-09 11:58:13.403251,p011,7,452.0,305.68,3164.0,2139.76,West,Shop B
209,2025-12-09 11:58:18.418770,p018,3,80.11,47.11,240.33,141.33,South,Shop B
210,2025-12-09 11:58:23.438502,p022,9,99.4,69.11,894.6,621.99,South,Shop A
211,2025-12-09 11:58:28.461830,p049,1,265.29,154.36,265.29,154.36,East,Shop B
212,2025-12-09 11:58:33.484237,p024,8,300.11,236.89,2400.88,1895.12,South,Webstore
213,2025-12-09 11:58:38.497355,p004,6,54.68,32.98,328.08,197.88,East,Shop B
214,2025-12-09 11:58:43.516958,p048,7,349.83,195.59,2448.81,1369.13,East,Shop B
215,2025-12-09 11:58:48.522965,p039,4,286.86,147.56,1147.44,590.24,North,Shop B
216,2025-12-09 11:58:53.536926,p013,9,312.12,198.41,2809.08,1785.69,East,Shop B
217,2025-12-09 11:58:58.548919,p040,3,234.93,139.4,704.79,418.2,Central,Shop A
218,2025-12-09 11:59:03.568407,p049,2,105.7,62.65,211.4,125.3,Central,Webstore
219,2025-12-09 11:59:08.647828,p035,8,281.37,207.85,2250.96,1662.8,East,Shop A
220,2025-12-09 11:59:13.666787,p017,3,228.68,116.96,686.04,350.88,Central,Webstore
221,2025-12-09 11:59:18.677410,p038,6,226.12,174.63,1356.72,1047.78,North,Shop B
222,2025-12-09 11:59:23.690982,p025,3,467.64,299.46,1402.92,898.38,West,Shop A
223,2025-12-09 11:59:28.700216,p036,2,255.33,182.88,510.66,365.76,South,Webstore
224,2025-12-09 11:59:33.727901,p032,5,363.66,213.02,1818.3,1065.1,South,Webstore
225,2025-12-09 11:59:38.736655,p045,3,268.7,138.6,806.1,415.8,East,Shop B
226,2025-12-09 11:59:43.755495,p023,5,456.42,259.35,2282.1,1296.75,West,Webstore
227,2025-12-09 11:59:48.768157,p027,7,367.06,256.46,2569.42,1795.22,South,Shop A
228,2025-12-09 11:59:53.781318,p030,1,325.06,187.75,325.06,187.75,East,Webstore
229,2025-12-09 11:59:58.793134,p049,5,144.4,98.51,722.0,492.55,Central,Shop B
230,2025-12-09 12:00:03.814737,p018,7,434.6,271.35,3042.2,1899.45,Central,Shop A
231,2025-12-09 12:00:08.841449,p040,3,187.88,120.19,563.64,360.57,North,Shop A
232,2025-12-09 12:00:13.852403,p039,6,316.34,172.15,1898.04,1032.9,South,Shop A
233,2025-12-09 12:00:18.864859,p017,7,402.37,240.44,2816.59,1683.08,South,Shop B
234,2025-12-09 12:00:23.884190,p049,5,233.48,166.47,1167.4,832.35,Central,Shop B
235,2025-12-09 12:00:28.905667,p042,7,181.05,143.17,1267.35,1002.19,Central,Webstore
236,2025-12-09 12:00:33.915007,p013,9,311.2,182.75,2800.8,1644.75,South,Shop A
237,2025-12-09 12:00:38.935194,p041,5,88.33,70.3,441.65,351.5,Central,Shop B
238,2025-12-09 12:00:43.942623,p042,5,151.32,95.83,756.6,479.15,North,Shop A
239,2025-12-09 12:00:48.968172,p040,4,246.33,150.71,985.32,602.84,East,Shop B
240,2025-12-09 12:00:53.976543,p042,1,153.46,86.83,153.46,86.83,West,Shop B
241,2025-12-09 12:00:58.999928,p030,3,447.77,290.0,1343.31,870.0,East,Shop B
242,2025-12-09 12:01:04.246879,p039,4,68.1,53.01,272.4,212.04,West,Shop B
243,2025-12-09 12:01:09.265563,p049,4,53.55,28.64,214.2,114.56,Central,Webstore
244,2025-12-09 12:01:14.281108,p004,3,315.79,241.47,947.37,724.41,West,Webstore
245,2025-12-09 12:01:19.292065,p016,1,432.1,311.07,432.1,311.07,Central,Webstore
246,2025-12-09 12:01:24.304567,p030,1,12.4,6.7,12.4,6.7,East,Shop B
247,2025-12-09 12:01:29.314644,p001,7,361.9,245.92,2533.3,1721.44,East,Webstore
248,2025-12-09 12:01:34.328208,p009,2,139.96,72.52,279.92,145.04,East,Shop A
249,2025-12-09 12:01:39.354282,p015,9,65.17,44.07,586.53,396.63,South,Shop A
250,2025-12-09 12:01:44.366752,p042,8,421.76,334.79,3374.08,2678.32,Central,Shop B
251,2025-12-09 12:01:49.380190,p010,9,460.0,354.19,4140.0,3187.71,South,Webstore
252,2025-12-09 12:01:54.390926,p012,2,351.31,251.8,702.62,503.6,North,Shop A
253,2025-12-09 12:01:59.405979,p043,1,474.27,319.92,474.27,319.92,South,Shop B
254,2025-12-09 12:02:04.425158,p024,7,97.54,71.71,682.78,501.97,Central,Shop B
255,2025-12-09 12:02:09.437742,p040,1,49.87,39.82,49.87,39.82,Central,Shop A
256,2025-12-09 12:02:14.462744,p042,5,492.55,253.79,2462.75,1268.95,North,Shop A
257,2025-12-09 12:02:19.507198,p036,2,32.38,21.75,64.76,43.5,North,Webstore
258,2025-12-09 12:02:24.524086,p047,8,211.58,157.53,1692.64,1260.24,South,Webstore
259,2025-12-09 12:02:29.548231,p015,8,294.84,216.96,2358.72,1735.68,East,Shop B
260,2025-12-09 12:02:34.569180,p044,5,450.12,301.14,2250.6,1505.7,Central,Shop A
261,2025-12-09 12:02:39.591052,p024,7,486.54,334.33,3405.78,2340.31,Central,Webstore
262,2025-12-09 12:02:44.606180,p007,5,289.2,199.99,1446.0,999.95,North,Webstore
263,2025-12-09 12:02:49.628679,p028,6,65.09,48.56,390.54,291.36,West,Webstore
264,2025-12-09 12:02:54.649785,p047,4,123.43,82.63,493.72,330.52,West,Shop B
265,2025-12-09 12:02:59.675372,p017,9,28.65,15.73,257.85,141.57,North,Shop A
266,2025-12-09 12:03:04.691696,p043,7,246.9,147.5,1728.3,1032.5,Central,Shop B
267,2025-12-09 12:03:09.715073,p001,6,230.95,177.31,1385.7,1063.86,North,Shop A
268,2025-12-09 12:03:14.737727,p027,1,278.0,194.43,278.0,194.43,North,Webstore
269,2025-12-09 12:03:19.744812,p035,6,380.2,275.5,2281.2,1653.0,South,Shop A
270,2025-12-09 12:03:24.792881,p016,1,495.63,346.37,495.63,346.37,North,Shop B
271,2025-12-09 12:03:29.816842,p016,6,163.06,88.69,978.36,532.14,East,Shop A
272,2025-12-09 12:03:34.841797,p006,7,205.87,108.37,1441.09,758.59,North,Webstore
273,2025-12-09 12:03:39.869413,p020,5,449.25,248.01,2246.25,1240.05,East,Webstore
274,2025-12-09 12:03:44.892996,p041,2,483.9,317.43,967.8,634.86,Central,Shop A
275,2025-12-09 12:03:49.907376,p019,5,425.98,293.54,2129.9,1467.7,West,Shop A
276,2025-12-09 12:03:54.933594,p005,2,269.62,194.61,539.24,389.22,Central,Shop A
277,2025-12-09 12:03:59.956178,p032,1,71.57,47.57,71.57,47.57,South,Shop B
278,2025-12-09 12:04:04.979084,p048,5,448.82,299.71,2244.1,1498.55,East,Shop A
279,2025-12-09 12:04:10.001211,p028,5,64.4,50.83,322.0,254.15,North,Shop A
280,2025-12-09 12:04:15.015260,p019,8,351.98,200.86,2815.84,1606.88,Central,Shop B
281,2025-12-09 12:04:20.057608,p041,5,114.72,67.18,573.6,335.9,South,Shop A
282,2025-12-09 12:04:25.070253,p029,6,333.83,241.83,2002.98,1450.98,West,Webstore
283,2025-12-09 12:04:30.084445,p048,5,495.61,253.34,2478.05,1266.7,East,Shop A
284,2025-12-09 12:04:35.103280,p038,7,109.12,64.26,763.84,449.82,North,Shop A
285,2025-12-09 12:04:40.120297,p001,3,362.45,219.61,1087.35,658.83,West,Shop A
286,2025-12-09 12:04:45.143363,p034,8,439.86,297.44,3518.88,2379.52,North,Shop A
287,2025-12-09 12:04:50.161469,p045,2,260.48,146.24,520.96,292.48,West,Webstore
288,2025-12-09 12:04:55.179389,p003,6,88.57,52.38,531.42,314.28,North,Shop B
289,2025-12-09 12:05:00.197304,p047,9,84.72,57.18,762.48,514.62,North,Shop B
290,2025-12-09 12:05:05.226077,p009,4,49.42,30.8,197.68,123.2,West,Shop A
291,2025-12-09 12:05:10.272570,p039,2,216.11,166.49,432.22,332.98,Central,Shop B
292,2025-12-09 12:05:15.292583,p024,4,251.09,138.55,1004.36,554.2,West,Shop B
293,2025-12-09 12:05:20.371186,p047,2,369.27,191.66,738.54,383.32,North,Shop B
294,2025-12-09 12:05:25.388673,p026,4,230.72,130.61,922.88,522.44,North,Webstore
295,2025-12-09 12:05:30.398650,p027,7,382.87,271.13,2680.09,1897.91,North,Shop B
296,2025-12-09 12:05:35.435023,p043,6,302.68,161.22,1816.08,967.32,North,Shop A
297,2025-12-09 12:05:40.456950,p012,3,78.24,43.18,234.72,129.54,West,Shop A
298,2025-12-09 12:05:45.476376,p017,2,278.21,189.37,556.42,378.74,East,Shop A
299,2025-12-09 12:05:50.491077,p049,8,311.82,202.85,2494.56,1622.8,West,Shop B
300,2025-12-09 12:05:55.504014,p016,6,330.04,193.25,1980.24,1159.5,South,Shop A
301,2025-12-09 12:06:00.521153,p007,5,436.29,263.91,2181.45,1319.55,South,Shop B
302,2025-12-09 12:06:05.596657,p018,2,219.54,154.95,439.08,309.9,West,Shop A
303,2025-12-09 12:06:10.636568,p026,8,150.57,106.53,1204.56,852.24,Central,Shop B
304,2025-12-09 12:06:15.648657,p035,2,491.38,392.77,982.76,785.54,South,Webstore
305,2025-12-09 12:06:20.663988,p032,5,437.9,286.41,2189.5,1432.05,South,Shop B
306,2025-12-09 12:06:26.099428,p001,3,34.74,19.42,104.22,58.26,North,Webstore
307,2025-12-09 12:06:31.113360,p006,2,486.18,284.83,972.36,569.66,West,Shop A
308,2025-12-09 12:06:36.141655,p039,5,207.53,130.05,1037.65,650.25,South,Webstore
309,2025-12-09 12:06:41.152665,p048,4,211.98,131.64,847.92,526.56,South,Webstore
310,2025-12-09 12:06:46.164349,p034,1,133.39,99.95,133.39,99.95,West,Shop A
311,2025-12-09 12:06:51.176808,p015,4,318.31,228.61,1273.24,914.44,West,Shop B
312,2025-12-09 12:06:56.191676,p048,9,212.58,141.34,1913.22,1272.06,East,Webstore
313,2025-12-09 12:07:01.208059,p036,3,354.07,210.51,1062.21,631.53,West,Shop A
314,2025-12-09 12:07:06.221787,p020,6,221.26,129.62,1327.56,777.72,North,Shop A
315,2025-12-09 12:07:11.234783,p031,6,85.02,57.86,510.12,347.16,Central,Shop B
316,2025-12-09 12:07:16.250361,p039,9,266.36,183.91,2397.24,1655.19,West,Shop A
317,2025-12-09 12:07:21.268795,p001,4,133.0,83.76,532.0,335.04,South,Shop A
318,2025-12-09 12:07:26.281393,p037,8,317.66,211.92,2541.28,1695.36,Central,Shop B
319,2025-12-09 12:07:31.300141,p049,2,109.62,60.55,219.24,121.1,West,Webstore
320,2025-12-09 12:07:36.318010,p049,9,294.39,171.76,2649.51,1545.84,Central,Shop A
321,2025-12-09 12:07:41.332205,p033,4,358.66,262.45,1434.64,1049.8,Central,Shop A
322,2025-12-09 12:07:46.347006,p024,5,82.51,50.4,412.55,252.0,South,Shop B
323,2025-12-09 12:07:51.361470,p048,2,384.11,239.32,768.22,478.64,North,Shop A
324,2025-12-09 12:07:56.375571,p018,3,76.66,49.68,229.98,149.04,North,Shop A
325,2025-12-09 12:08:01.388591,p023,3,353.55,178.95,1060.65,536.85,South,Shop A
326,2025-12-09 12:08:06.401099,p036,6,253.41,135.66,1520.46,813.96,North,Webstore
327,2025-12-09 12:08:11.422324,p045,9,93.82,47.28,844.38,425.52,West,Shop B
328,2025-12-09 12:08:16.435999,p015,5,119.29,88.01,596.45,440.05,East,Shop B
329,2025-12-09 12:08:21.450074,p032,4,379.93,256.02,1519.72,1024.08,Central,Webstore
330,2025-12-09 12:08:26.464651,p037,7,473.25,351.39,3312.75,2459.73,South,Shop B
331,2025-12-09 12:08:31.478378,p049,7,88.57,45.85,619.99,320.95,South,Webstore
332,2025-12-09 12:08:36.493396,p017,6,310.81,191.95,1864.86,1151.7,North,Webstore
333,2025-12-09 12:08:41.504666,p025,3,365.91,227.99,1097.73,683.97,West,Webstore
334,2025-12-09 12:08:46.526309,p031,5,461.03,271.34,2305.15,1356.7,South,Webstore
335,2025-12-09 12:08:51.539565,p048,3,276.41,140.97,829.23,422.91,North,Shop A
336,2025-12-09 12:08:56.555231,p031,2,472.6,265.05,945.2,530.1,Central,Shop A
337,2025-12-09 12:09:01.581880,p032,3,281.58,163.52,844.74,490.56,North,Shop B
338,2025-12-09 12:09:06.604806,p035,9,202.76,123.66,1824.84,1112.94,South,Webstore
339,2025-12-09 12:09:11.630713,p018,9,44.52,30.09,400.68,270.81,West,Webstore
340,2025-12-09 12:09:16.655824,p004,1,260.43,151.72,260.43,151.72,Central,Shop A
341,2025-12-09 12:09:21.692423,p010,8,328.81,196.42,2630.48,1571.36,North,Webstore
342,2025-12-09 12:09:26.708059,p049,3,364.59,217.63,1093.77,652.89,Central,Shop B
343,2025-12-09 12:09:31.726978,p003,5,92.22,68.97,461.1,344.85,East,Webstore
344,2025-12-09 12:09:36.753277,p035,8,417.76,264.72,3342.08,2117.76,West,Shop A
345,2025-12-09 12:09:41.780076,p021,4,151.21,98.51,604.84,394.04,East,Shop A
346,2025-12-09 12:09:46.820898,p040,5,384.32,294.99,1921.6,1474.95,West,Webstore
347,2025-12-09 12:09:51.869206,p006,6,19.67,14.02,118.02,84.12,North,Shop A
348,2025-12-09 12:09:56.910922,p045,1,192.9,109.39,192.9,109.39,East,Shop B
349,2025-12-09 12:10:01.932450,p047,4,479.57,299.07,1918.28,1196.28,West,Webstore
350,2025-12-09 12:10:06.952019,p013,7,234.04,184.5,1638.28,1291.5,North,Shop A
351,2025-12-09 12:10:11.983933,p050,5,79.25,45.35,396.25,226.75,North,Shop A
352,2025-12-09 12:10:17.024158,p011,1,213.39,109.69,213.39,109.69,South,Shop B
353,2025-12-09 12:10:22.056057,p033,3,114.89,69.84,344.67,209.52,North,Shop B
354,2025-12-09 12:10:27.072845,p006,6,166.93,131.35,1001.58,788.1,East,Shop A
355,2025-12-09 12:10:32.095106,p045,8,276.5,163.85,2212.0,1310.8,Central,Shop A
356,2025-12-09 12:10:37.114854,p013,2,485.06,283.62,970.12,567.24,South,Shop A
357,2025-12-09 12:10:42.137844,p048,1,96.92,63.78,96.92,63.78,North,Shop B
358,2025-12-09 12:10:47.155261,p032,7,67.86,53.34,475.02,373.38,West,Webstore
359,2025-12-09 12:10:52.176667,p036,1,318.76,248.33,318.76,248.33,Central,Shop B
360,2025-12-09 12:10:57.218086,p012,4,382.33,223.52,1529.32,894.08,East,Webstore
361,2025-12-09 12:11:02.237061,p014,9,303.96,186.12,2735.64,1675.08,East,Webstore
362,2025-12-09 12:11:07.267309,p046,9,285.23,196.86,2567.07,1771.74,North,Shop A
363,2025-12-09 12:11:12.295654,p009,9,262.48,191.94,2362.32,1727.46,North,Shop A
364,2025-12-09 12:11:17.313438,p021,6,370.86,191.22,2225.16,1147.32,West,Shop B
365,2025-12-09 12:11:22.328036,p023,6,457.58,305.16,2745.48,1830.96,East,Shop A
366,2025-12-09 12:11:27.359267,p032,9,10.67,7.56,96.03,68.04,South,Webstore
367,2025-12-09 12:11:32.378041,p045,5,119.79,70.87,598.95,354.35,Central,Shop A
368,2025-12-09 12:11:37.395640,p010,5,232.17,154.4,1160.85,772.0,East,Webstore
369,2025-12-09 12:11:42.412650,p014,1,40.06,26.59,40.06,26.59,Central,Shop A
370,2025-12-09 12:11:47.427971,p001,3,498.32,251.09,1494.96,753.27,West,Shop B
371,2025-12-09 12:11:52.446880,p026,9,80.74,62.78,726.66,565.02,South,Shop B
372,2025-12-09 12:11:57.462638,p050,6,239.11,139.45,1434.66,836.7,West,Shop B
373,2025-12-09 12:12:02.502586,p008,7,125.3,94.29,877.1,660.03,North,Webstore
374,2025-12-09 12:12:07.518430,p017,4,116.54,75.31,466.16,301.24,West,Webstore
375,2025-12-09 12:12:12.538574,p004,8,157.59,89.51,1260.72,716.08,West,Shop A
376,2025-12-09 12:12:17.552881,p020,1,266.75,177.42,266.75,177.42,Central,Shop B
377,2025-12-09 12:12:22.568210,p036,3,25.84,19.61,77.52,58.83,North,Shop A
378,2025-12-09 12:12:27.609627,p011,4,85.36,52.65,341.44,210.6,East,Shop A
379,2025-12-09 12:12:32.639446,p042,5,43.97,28.19,219.85,140.95,North,Webstore
380,2025-12-09 12:12:37.668341,p029,4,51.78,27.25,207.12,109.0,East,Shop B
381,2025-12-09 12:12:42.690233,p032,9,189.52,142.91,1705.68,1286.19,Central,Webstore
382,2025-12-09 12:12:47.706793,p017,2,53.57,38.34,107.14,76.68,Central,Shop A
383,2025-12-09 12:12:52.727737,p024,9,275.59,175.99,2480.31,1583.91,Central,Webstore
384,2025-12-09 12:12:57.742204,p019,9,24.27,18.91,218.43,170.19,West,Shop B
385,2025-12-09 12:13:02.770733,p038,2,275.72,209.83,551.44,419.66,West,Shop B
386,2025-12-09 12:13:07.789762,p010,9,207.24,123.99,1865.16,1115.91,West,Shop A
387,2025-12-09 12:13:12.805184,p041,8,460.77,264.65,3686.16,2117.2,South,Shop A
388,2025-12-09 12:13:17.829963,p031,2,452.49,226.77,904.98,453.54,North,Shop B
389,2025-12-09 12:13:22.856504,p006,5,375.43,191.48,1877.15,957.4,Central,Webstore
390,2025-12-09 12:13:27.883974,p028,5,205.17,155.74,1025.85,778.7,South,Webstore
391,2025-12-09 12:13:32.904122,p030,2,196.42,133.98,392.84,267.96,West,Shop A
392,2025-12-09 12:13:37.929408,p017,5,59.43,30.21,297.15,151.05,North,Shop B
393,2025-12-09 12:13:42.963610,p048,9,486.17,283.4,4375.53,2550.6,West,Shop A
394,2025-12-09 12:13:47.995189,p048,6,177.77,125.9,1066.62,755.4,West,Webstore
395,2025-12-09 12:13:53.013527,p012,5,454.11,259.77,2270.55,1298.85,South,Shop B
396,2025-12-09 12:13:58.041611,p039,6,323.96,195.61,1943.76,1173.66,East,Shop A
397,2025-12-09 12:14:03.086959,p037,4,498.27,272.25,1993.08,1089.0,Central,Shop B
398,2025-12-09 12:14:08.115156,p029,9,135.7,78.2,1221.3,703.8,East,Shop A
399,2025-12-09 12:14:13.141893,p040,7,496.31,317.71,3474.17,2223.97,West,Shop A
400,2025-12-09 12:14:18.171835,p010,3,453.38,247.6,1360.14,742.8,East,Shop B
401,2025-12-09 12:14:23.186512,p030,1,391.39,241.76,391.39,241.76,Central,Shop A
402,2025-12-09 12:14:28.200767,p017,8,342.15,224.67,2737.2,1797.36,West,Webstore
403,2025-12-09 12:14:33.224562,p014,6,131.62,102.06,789.72,612.36,West,Shop B
404,2025-12-09 12:14:38.275091,p022,2,69.08,38.4,138.16,76.8,South,Shop A
405,2025-12-09 12:14:43.292246,p037,7,113.08,66.73,791.56,467.11,South,Shop A
406,2025-12-09 12:14:48.312229,p010,1,302.41,186.1,302.41,186.1,East,Shop B
407,2025-12-09 12:14:53.333603,p041,5,54.72,36.35,273.6,181.75,West,Shop B
408,2025-12-09 12:14:58.356884,p028,4,380.12,205.28,1520.48,821.12,East,Shop B
409,2025-12-09 12:15:03.378988,p050,5,478.43,296.52,2392.15,1482.6,West,Webstore
410,2025-12-09 12:15:08.399563,p030,1,98.86,58.28,98.86,58.28,Central,Shop A
411,2025-12-09 12:15:13.425335,p007,8,358.86,279.28,2870.88,2234.24,West,Shop B
412,2025-12-09 12:15:18.448789,p024,1,94.16,61.63,94.16,61.63,North,Shop B
413,2025-12-09 12:15:23.466547,p031,4,98.46,57.94,393.84,231.76,West,Shop A
414,2025-12-09 12:15:28.513012,p027,5,67.15,41.69,335.75,208.45,Central,Shop A
415,2025-12-09 12:15:33.527599,p009,1,422.25,316.38,422.25,316.38,North,Shop A
416,2025-12-09 12:15:38.543205,p031,5,119.68,81.5,598.4,407.5,South,Webstore
417,2025-12-09 12:15:43.564179,p007,8,244.1,177.02,1952.8,1416.16,North,Webstore
418,2025-12-09 12:15:48.586524,p034,2,198.01,129.32,396.02,258.64,West,Webstore
419,2025-12-09 12:15:53.621139,p032,6,247.86,171.31,1487.16,1027.86,Central,Shop A
420,2025-12-09 12:15:58.636328,p006,5,264.21,188.4,1321.05,942.0,West,Shop B
421,2025-12-09 12:16:03.651164,p042,8,467.4,341.74,3739.2,2733.92,North,Shop B
422,2025-12-09 12:16:08.666195,p010,5,93.58,48.3,467.9,241.5,East,Webstore
423,2025-12-09 12:16:13.682023,p012,8,152.42,80.31,1219.36,642.48,Central,Shop B
424,2025-12-09 12:16:18.697571,p004,4,257.74,185.41,1030.96,741.64,Central,Shop B
425,2025-12-09 12:16:23.713481,p014,4,25.73,16.28,102.92,65.12,East,Shop B
426,2025-12-09 12:16:28.748100,p050,6,97.44,75.18,584.64,451.08,North,Shop B
427,2025-12-09 12:16:33.757842,p016,2,72.52,46.13,145.04,92.26,West,Webstore
428,2025-12-09 12:16:38.770396,p048,2,199.34,107.88,398.68,215.76,South,Shop B
429,2025-12-09 12:16:43.797129,p035,3,358.1,189.1,1074.3,567.3,East,Shop B
430,2025-12-09 12:16:48.804920,p039,7,62.78,36.34,439.46,254.38,East,Shop B
431,2025-12-09 12:16:53.835379,p032,3,47.25,35.44,141.75,106.32,North,Webstore
432,2025-12-09 12:16:58.863290,p019,1,416.36,260.43,416.36,260.43,West,Shop B
433,2025-12-09 12:17:03.892258,p008,2,225.73,162.04,451.46,324.08,South,Webstore
434,2025-12-09 12:17:08.918899,p029,7,459.57,335.19,3216.99,2346.33,Central,Shop B
435,2025-12-09 12:17:13.942497,p037,4,490.18,338.69,1960.72,1354.76,South,Shop B
436,2025-12-09 12:17:18.950952,p014,9,156.95,120.84,1412.55,1087.56,Central,Shop B
437,2025-12-09 12:17:23.990295,p013,1,410.93,254.65,410.93,254.65,East,Shop B
438,2025-12-09 12:17:29.008633,p004,7,256.25,160.52,1793.75,1123.64,East,Shop B
439,2025-12-09 12:17:34.025606,p049,7,229.27,130.2,1604.89,911.4,East,Webstore
440,2025-12-09 12:17:39.033989,p041,2,412.82,219.78,825.64,439.56,South,Shop A
441,2025-12-09 12:17:44.051582,p029,8,242.4,151.18,1939.2,1209.44,North,Shop B
442,2025-12-09 12:17:49.058775,p033,7,52.52,35.79,367.64,250.53,East,Webstore
443,2025-12-09 12:17:54.072822,p025,9,281.26,158.06,2531.34,1422.54,South,Webstore
444,2025-12-09 12:17:59.100574,p041,4,185.97,130.31,743.88,521.24,West,Shop B
445,2025-12-09 12:18:04.126886,p001,6,87.87,61.99,527.22,371.94,East,Shop B
446,2025-12-09 12:18:09.153682,p012,1,48.07,26.51,48.07,26.51,Central,Shop A
447,2025-12-09 12:18:14.166134,p050,1,399.09,292.33,399.09,292.33,Central,Shop B
448,2025-12-09 12:18:19.183394,p036,2,174.65,96.83,349.3,193.66,Central,Shop A
449,2025-12-09 12:18:24.221928,p034,7,371.98,291.95,2603.86,2043.65,East,Webstore
450,2025-12-09 12:18:29.241929,p021,9,458.69,303.31,4128.21,2729.79,Central,Webstore
451,2025-12-09 12:18:34.252599,p050,8,202.27,139.57,1618.16,1116.56,North,Shop A
452,2025-12-09 12:18:39.270555,p008,5,296.15,151.02,1480.75,755.1,East,Webstore
453,2025-12-09 12:18:44.291866,p020,1,322.56,190.79,322.56,190.79,Central,Shop B
454,2025-12-09 12:18:49.335067,p024,5,128.13,73.21,640.65,366.05,Central,Shop B
455,2025-12-09 12:18:54.353411,p010,6,201.77,110.02,1210.62,660.12,East,Webstore
456,2025-12-09 12:18:59.368296,p008,4,358.13,183.26,1432.52,733.04,West,Shop A
457,2025-12-09 12:19:04.384251,p020,8,234.72,124.7,1877.76,997.6,South,Webstore
458,2025-12-09 12:19:09.399612,p037,2,86.85,62.13,173.7,124.26,South,Webstore
459,2025-12-09 12:19:14.412852,p029,5,125.52,74.44,627.6,372.2,East,Shop A
460,2025-12-09 12:19:19.431727,p005,1,218.61,147.73,218.61,147.73,West,Shop B
461,2025-12-09 12:19:24.456844,p030,7,390.04,274.94,2730.28,1924.58,North,Shop A
462,2025-12-09 12:19:29.471192,p004,7,84.7,44.98,592.9,314.86,North,Webstore
463,2025-12-09 12:19:34.483959,p050,5,309.31,211.38,1546.55,1056.9,Central,Shop B
464,2025-12-09 12:19:39.500526,p011,5,373.09,208.0,1865.45,1040.0,East,Shop A
465,2025-12-09 12:19:44.512174,p010,9,399.14,283.62,3592.26,2552.58,South,Shop B
466,2025-12-09 12:19:49.531606,p044,2,211.61,163.29,423.22,326.58,East,Shop B
467,2025-12-09 12:19:54.559770,p010,6,169.76,98.7,1018.56,592.2,North,Shop A
468,2025-12-09 12:19:59.573741,p049,6,160.84,117.81,965.04,706.86,Central,Shop B
469,2025-12-09 12:20:04.592497,p025,8,252.15,143.36,2017.2,1146.88,East,Shop A
470,2025-12-09 12:20:09.608901,p050,2,145.79,74.41,291.58,148.82,Central,Shop A
471,2025-12-09 12:20:14.627170,p010,9,81.77,45.58,735.93,410.22,East,Shop B
472,2025-12-09 12:20:19.642063,p038,9,299.68,220.32,2697.12,1982.88,East,Shop A
473,2025-12-09 12:20:24.659010,p015,8,456.04,289.72,3648.32,2317.76,East,Shop B
474,2025-12-09 12:20:29.676234,p024,3,472.71,276.72,1418.13,830.16,West,Shop B
475,2025-12-09 12:20:34.696757,p012,5,441.08,309.19,2205.4,1545.95,West,Shop A
476,2025-12-09 12:20:39.728842,p041,3,82.85,60.77,248.55,182.31,East,Shop B
477,2025-12-09 12:20:44.757162,p019,9,358.12,281.46,3223.08,2533.14,South,Webstore
478,2025-12-09 12:20:49.775757,p045,9,333.64,171.45,3002.76,1543.05,South,Shop A
479,2025-12-09 12:20:54.793179,p021,2,438.09,301.17,876.18,602.34,North,Shop B
480,2025-12-09 12:20:59.804725,p006,9,48.26,33.73,434.34,303.57,Central,Shop B
481,2025-12-09 12:21:04.825565,p012,2,80.32,48.5,160.64,97.0,East,Webstore
482,2025-12-09 12:21:09.855682,p004,3,224.56,166.01,673.68,498.03,East,Shop B
483,2025-12-09 12:21:14.867744,p018,8,422.63,217.14,3381.04,1737.12,North,Shop B
484,2025-12-09 12:21:19.879516,p034,9,470.95,347.91,4238.55,3131.19,East,Webstore
485,2025-12-09 12:21:24.888357,p029,9,291.22,159.35,2620.98,1434.15,Central,Shop A
486,2025-12-09 12:21:29.900544,p049,5,304.7,222.03,1523.5,1110.15,Central,Webstore
487,2025-12-09 12:21:34.920157,p039,1,220.97,160.19,220.97,160.19,South,Webstore
488,2025-12-09 12:21:39.950996,p046,1,108.01,55.02,108.01,55.02,East,Shop B
489,2025-12-09 12:21:44.968265,p003,1,230.25,144.82,230.25,144.82,West,Shop A
490,2025-12-09 12:21:49.980806,p034,9,472.18,314.99,4249.62,2834.91,South,Shop B
491,2025-12-09 12:21:54.993216,p014,7,105.65,71.63,739.55,501.41,Central,Webstore
492,2025-12-09 12:22:00.003317,p019,7,71.79,40.45,502.53,283.15,North,Shop B
493,2025-12-09 12:22:05.017623,p037,8,173.27,114.66,1386.16,917.28,North,Shop A
494,2025-12-09 12:22:10.030424,p025,3,366.71,243.33,1100.13,729.99,East,Shop B
495,2025-12-09 12:22:15.050606,p047,4,305.33,227.11,1221.32,908.44,Central,Webstore
496,2025-12-09 12:22:20.070304,p015,1,411.88,249.22,411.88,249.22,Central,Shop A
497,2025-12-09 12:22:25.088479,p018,4,235.95,162.03,943.8,648.12,South,Shop B
498,2025-12-09 12:22:30.108071,p020,9,205.49,161.05,1849.41,1449.45,East,Shop B
499,2025-12-09 12:22:35.140220,p003,1,334.6,232.45,334.6,232.45,East,Shop A
500,2025-12-09 12:22:40.170240,p011,6,182.93,133.97,1097.58,803.82,West,Webstore
501,2025-12-09 12:22:45.178802,p042,8,36.31,23.01,290.48,184.08,West,Webstore
502,2025-12-09 12:22:50.190939,p017,5,184.54,96.32,922.7,481.6,South,Shop B
503,2025-12-09 12:22:55.207561,p001,8,312.52,223.59,2500.16,1788.72,West,Shop B
504,2025-12-09 12:23:00.224996,p005,4,280.39,148.38,1121.56,593.52,West,Webstore
505,2025-12-09 12:23:05.241851,p025,7,10.29,5.26,72.03,36.82,East,Shop B
506,2025-12-09 12:23:10.255505,p023,8,404.49,231.68,3235.92,1853.44,North,Shop A
507,2025-12-09 12:23:15.275240,p018,7,346.59,185.8,2426.13,1300.6,East,Shop A
508,2025-12-09 12:23:20.296143,p013,1,494.16,380.64,494.16,380.64,South,Shop A
509,2025-12-09 12:23:25.328152,p039,3,499.51,270.74,1498.53,812.22,South,Webstore
510,2025-12-09 12:23:30.350409,p003,7,251.29,188.42,1759.03,1318.94,East,Shop B
511,2025-12-09 12:23:35.381566,p033,9,87.69,49.9,789.21,449.1,East,Webstore
512,2025-12-09 12:23:40.400797,p028,3,218.39,140.59,655.17,421.77,West,Shop B
513,2025-12-09 12:23:45.441315,p038,1,321.42,164.19,321.42,164.19,Central,Shop A
514,2025-12-09 12:23:50.463250,p032,7,150.42,77.53,1052.94,542.71,North,Webstore
515,2025-12-09 12:23:55.475301,p030,6,37.42,24.34,224.52,146.04,West,Shop A
516,2025-12-09 12:24:00.493029,p048,4,415.43,227.33,1661.72,909.32,North,Shop B
517,2025-12-09 12:24:05.508598,p050,2,424.55,319.33,849.1,638.66,North,Webstore
518,2025-12-09 12:24:10.525109,p042,1,111.41,74.29,111.41,74.29,Central,Webstore
519,2025-12-09 12:24:15.544310,p005,1,241.59,185.74,241.59,185.74,North,Shop A
520,2025-12-09 12:24:20.569912,p007,7,329.13,213.16,2303.91,1492.12,South,Webstore
521,2025-12-09 12:24:25.590267,p021,7,359.78,287.24,2518.46,2010.68,South,Shop B
522,2025-12-09 12:24:30.610015,p009,6,292.33,174.83,1753.98,1048.98,East,Shop B
523,2025-12-09 12:24:35.623164,p016,3,446.94,284.42,1340.82,853.26,West,Webstore
524,2025-12-09 12:24:40.639303,p030,8,449.9,351.32,3599.2,2810.56,East,Shop A
525,2025-12-09 12:24:45.655970,p038,6,372.71,287.85,2236.26,1727.1,South,Shop B
526,2025-12-09 12:24:50.687596,p026,5,46.88,35.78,234.4,178.9,Central,Webstore
527,2025-12-09 12:24:55.719763,p042,5,369.45,210.4,1847.25,1052.0,North,Shop B
528,2025-12-09 12:25:00.737783,p047,7,116.67,61.7,816.69,431.9,East,Shop A
529,2025-12-09 12:25:05.772647,p014,6,92.62,72.46,555.72,434.76,East,Shop B
530,2025-12-09 12:25:10.806035,p018,1,280.86,172.16,280.86,172.16,West,Shop B
531,2025-12-09 12:25:15.836921,p021,1,151.08,90.61,151.08,90.61,East,Webstore
532,2025-12-09 12:25:20.863240,p007,8,198.75,116.63,1590.0,933.04,West,Shop A
533,2025-12-09 12:25:25.885047,p019,8,457.61,250.97,3660.88,2007.76,West,Webstore
534,2025-12-09 12:25:30.896807,p033,6,198.47,135.63,1190.82,813.78,Central,Webstore
535,2025-12-09 12:25:35.922611,p025,9,497.52,370.43,4477.68,3333.87,East,Shop B
536,2025-12-09 12:25:41.033380,p030,8,19.07,10.36,152.56,82.88,North,Shop A
537,2025-12-09 12:25:46.050770,p045,9,200.9,118.41,1808.1,1065.69,Central,Shop A
538,2025-12-09 12:25:51.069664,p042,3,133.53,80.79,400.59,242.37,West,Shop A
539,2025-12-09 12:25:56.097762,p025,9,145.04,103.05,1305.36,927.45,West,Shop B
540,2025-12-09 12:26:01.137602,p041,8,207.35,131.48,1658.8,1051.84,East,Webstore
541,2025-12-09 12:26:06.178786,p027,6,95.89,60.26,575.34,361.56,West,Shop B
542,2025-12-09 12:26:11.203611,p011,2,127.05,67.6,254.1,135.2,North,Shop B
543,2025-12-09 12:26:16.260171,p007,1,221.14,174.91,221.14,174.91,East,Webstore
544,2025-12-09 12:26:21.279692,p023,4,347.39,182.71,1389.56,730.84,South,Shop A
545,2025-12-09 12:26:26.298196,p002,8,51.2,38.43,409.6,307.44,East,Webstore
546,2025-12-09 12:26:31.320641,p030,5,145.94,99.11,729.7,495.55,West,Webstore
547,2025-12-09 12:26:36.334970,p028,9,442.34,332.16,3981.06,2989.44,Central,Shop B
548,2025-12-09 12:26:41.377634,p013,3,20.56,11.25,61.68,33.75,South,Shop A
549,2025-12-09 12:26:46.431690,p011,3,465.03,368.19,1395.09,1104.57,Central,Webstore
550,2025-12-09 12:26:51.450393,p021,8,494.19,344.03,3953.52,2752.24,East,Webstore
551,2025-12-09 12:26:56.484572,p004,4,272.49,149.09,1089.96,596.36,Central,Shop B
552,2025-12-09 12:27:01.501932,p007,9,235.52,126.99,2119.68,1142.91,East,Webstore
553,2025-12-09 12:27:06.519425,p046,8,415.7,275.24,3325.6,2201.92,North,Shop B
554,2025-12-09 12:27:11.534185,p016,2,85.25,43.46,170.5,86.92,Central,Webstore
555,2025-12-09 12:27:16.564770,p002,1,292.24,196.04,292.24,196.04,East,Shop B
556,2025-12-09 12:27:21.582039,p036,5,339.69,238.53,1698.45,1192.65,Central,Shop B
557,2025-12-09 12:27:26.594558,p003,1,52.71,30.07,52.71,30.07,South,Webstore
558,2025-12-09 12:27:31.612645,p013,2,240.5,132.69,481.0,265.38,South,Shop B
559,2025-12-09 12:27:36.668106,p040,3,413.35,254.4,1240.05,763.2,Central,Shop B
560,2025-12-09 12:27:41.689718,p003,6,251.08,186.73,1506.48,1120.38,South,Webstore
561,2025-12-09 12:27:46.706018,p034,3,111.5,88.7,334.5,266.1,West,Shop A
562,2025-12-09 12:27:51.723819,p001,3,350.42,183.17,1051.26,549.51,Central,Webstore
563,2025-12-09 12:27:56.736587,p005,3,295.02,232.39,885.06,697.17,Central,Shop B
564,2025-12-09 12:28:01.756773,p038,6,434.53,219.55,2607.18,1317.3,South,Shop A
565,2025-12-09 12:28:06.770934,p027,6,133.23,84.71,799.38,508.26,East,Webstore
566,2025-12-09 12:28:11.800185,p019,6,271.05,145.42,1626.3,872.52,West,Webstore
567,2025-12-09 12:28:16.824715,p010,8,462.05,247.16,3696.4,1977.28,Central,Webstore
568,2025-12-09 12:28:21.857914,p046,9,24.37,14.03,219.33,126.27,South,Shop B
569,2025-12-09 12:28:26.867718,p029,1,431.79,247.73,431.79,247.73,East,Webstore
570,2025-12-09 12:28:31.884176,p041,1,460.67,328.81,460.67,328.81,South,Shop A
571,2025-12-09 12:28:36.907198,p038,5,176.8,135.55,884.0,677.75,North,Webstore
572,2025-12-09 12:28:41.928675,p015,2,52.52,31.26,105.04,62.52,East,Shop B
573,2025-12-09 12:28:46.949994,p046,8,45.18,34.03,361.44,272.24,North,Shop A
574,2025-12-09 12:28:51.967881,p005,6,80.48,44.47,482.88,266.82,North,Webstore
575,2025-12-09 12:28:56.991191,p050,1,68.09,44.39,68.09,44.39,Central,Shop A
576,2025-12-09 12:29:02.012641,p008,4,364.81,248.17,1459.24,992.68,East,Shop A
577,2025-12-09 12:29:07.037036,p035,8,51.91,39.9,415.28,319.2,West,Shop B
578,2025-12-09 12:29:12.058946,p013,2,361.32,215.22,722.64,430.44,West,Shop B
579,2025-12-09 12:29:17.084233,p038,7,315.36,185.65,2207.52,1299.55,North,Shop B
580,2025-12-09 12:29:22.108843,p032,6,68.45,40.38,410.7,242.28,South,Shop A
581,2025-12-09 12:29:27.160678,p007,3,214.0,142.81,642.0,428.43,East,Webstore
582,2025-12-09 12:29:32.183322,p050,5,462.48,341.9,2312.4,1709.5,South,Shop A
583,2025-12-09 12:29:37.214494,p010,9,24.51,13.63,220.59,122.67,Central,Webstore
584,2025-12-09 12:29:42.272410,p012,4,118.12,59.08,472.48,236.32,South,Shop A
585,2025-12-09 12:29:47.316759,p050,6,499.58,383.78,2997.48,2302.68,South,Shop B
586,2025-12-09 12:29:52.367528,p033,3,53.61,32.73,160.83,98.19,South,Webstore
587,2025-12-09 12:29:57.425486,p049,5,215.31,110.32,1076.55,551.6,Central,Shop A
588,2025-12-09 12:30:02.450697,p019,6,145.03,103.46,870.18,620.76,South,Shop B
589,2025-12-09 12:30:07.470609,p029,1,447.78,270.22,447.78,270.22,North,Webstore
590,2025-12-09 12:30:12.488367,p003,2,62.45,34.01,124.9,68.02,West,Shop A
591,2025-12-09 12:30:17.504110,p002,5,437.18,256.3,2185.9,1281.5,North,Shop B
592,2025-12-09 12:30:22.522253,p047,6,397.68,269.17,2386.08,1615.02,North,Shop A
593,2025-12-09 12:30:27.553654,p049,4,358.35,279.21,1433.4,1116.84,East,Shop B
594,2025-12-09 12:30:32.568289,p029,2,93.87,75.05,187.74,150.1,South,Shop B
595,2025-12-09 12:30:37.595625,p031,8,65.4,46.05,523.2,368.4,Central,Webstore
596,2025-12-09 12:30:42.613968,p009,8,423.61,307.27,3388.88,2458.16,Central,Webstore
597,2025-12-09 12:30:47.639238,p005,2,439.02,284.12,878.04,568.24,North,Shop A
598,2025-12-09 12:30:52.661344,p031,9,337.8,249.19,3040.2,2242.71,Central,Webstore
599,2025-12-09 12:30:57.693636,p038,6,489.78,281.61,2938.68,1689.66,East,Shop A
600,2025-12-09 12:31:02.788322,p047,5,171.99,133.61,859.95,668.05,East,Shop A
601,2025-12-09 12:31:07.824976,p007,6,476.17,376.63,2857.02,2259.78,South,Shop B
602,2025-12-09 12:31:13.106581,p006,9,373.53,244.96,3361.77,2204.64,East,Webstore
603,2025-12-09 12:31:18.134913,p025,6,138.85,88.37,833.1,530.22,Central,Webstore
604,2025-12-09 12:31:23.189041,p029,2,247.93,151.58,495.86,303.16,South,Shop A
605,2025-12-09 12:31:28.198031,p017,4,497.12,254.28,1988.48,1017.12,South,Shop A
606,2025-12-09 12:31:33.217387,p028,5,453.5,287.24,2267.5,1436.2,East,Shop A
607,2025-12-09 12:31:38.258406,p011,4,248.21,184.84,992.84,739.36,South,Shop B
608,2025-12-09 12:31:43.283952,p016,8,473.79,289.86,3790.32,2318.88,East,Shop A
609,2025-12-09 12:31:48.317818,p024,9,170.58,109.46,1535.22,985.14,East,Shop A
610,2025-12-09 12:31:53.334843,p047,4,244.69,142.91,978.76,571.64,North,Webstore
611,2025-12-09 12:31:58.361633,p050,8,457.52,295.22,3660.16,2361.76,South,Shop B
612,2025-12-09 12:32:03.378827,p015,8,475.25,339.99,3802.0,2719.92,Central,Shop B
613,2025-12-09 12:32:08.398249,p023,3,238.5,139.96,715.5,419.88,North,Webstore
614,2025-12-09 12:32:13.412847,p045,5,63.42,45.38,317.1,226.9,East,Shop B
615,2025-12-09 12:32:18.431543,p008,8,108.94,74.59,871.52,596.72,West,Webstore
616,2025-12-09 12:32:23.469824,p024,2,233.04,184.24,466.08,368.48,West,Shop A
617,2025-12-09 12:32:28.497166,p037,3,415.45,330.78,1246.35,992.34,Central,Shop A
618,2025-12-09 12:32:33.528234,p022,7,207.2,117.86,1450.4,825.02,South,Shop A
619,2025-12-09 12:32:38.559516,p013,4,496.0,285.43,1984.0,1141.72,South,Shop A
620,2025-12-09 12:32:43.596373,p017,4,412.47,314.21,1649.88,1256.84,East,Shop A
621,2025-12-09 12:32:48.626419,p025,9,279.52,189.67,2515.68,1707.03,North,Shop B
622,2025-12-09 12:32:53.644009,p025,8,294.12,158.88,2352.96,1271.04,West,Webstore
623,2025-12-09 12:32:58.661928,p024,8,154.59,91.35,1236.72,730.8,East,Webstore
624,2025-12-09 12:33:03.708277,p007,6,194.8,109.66,1168.8,657.96,South,Shop B
625,2025-12-09 12:33:08.742831,p013,5,148.55,84.9,742.75,424.5,Central,Webstore
626,2025-12-09 12:33:13.760754,p031,3,469.39,349.15,1408.17,1047.45,West,Webstore
627,2025-12-09 12:33:18.806960,p045,6,51.86,29.03,311.16,174.18,North,Shop B
628,2025-12-09 12:33:23.826589,p016,7,241.64,168.62,1691.48,1180.34,North,Shop A
629,2025-12-09 12:33:28.866959,p028,3,357.51,249.26,1072.53,747.78,Central,Webstore
630,2025-12-09 12:33:33.900305,p016,1,265.08,151.36,265.08,151.36,South,Shop A
631,2025-12-09 12:33:38.935829,p017,3,303.62,220.99,910.86,662.97,North,Shop B
632,2025-12-09 12:33:43.971315,p004,3,173.16,105.35,519.48,316.05,West,Webstore
633,2025-12-09 12:33:48.981239,p003,9,377.97,213.73,3401.73,1923.57,South,Shop B
634,2025-12-09 12:33:54.005464,p028,1,268.91,190.66,268.91,190.66,North,Shop B
635,2025-12-09 12:33:59.022015,p036,3,170.84,112.31,512.52,336.93,South,Shop A
636,2025-12-09 12:34:04.042221,p027,1,282.95,212.86,282.95,212.86,Central,Shop A
637,2025-12-09 12:34:09.061331,p031,1,320.03,164.87,320.03,164.87,Central,Webstore
638,2025-12-09 12:34:14.080596,p011,9,432.93,279.52,3896.37,2515.68,South,Webstore
639,2025-12-09 12:34:19.099698,p023,4,24.28,18.39,97.12,73.56,East,Shop A
640,2025-12-09 12:34:24.132732,p009,1,449.02,228.76,449.02,228.76,Central,Shop B
641,2025-12-09 12:34:29.152454,p013,2,22.6,16.91,45.2,33.82,Central,Shop A
642,2025-12-09 12:34:34.177176,p012,7,30.98,16.76,216.86,117.32,Central,Webstore
643,2025-12-09 12:34:39.214951,p024,4,258.5,167.56,1034.0,670.24,North,Shop B
644,2025-12-09 12:34:44.240228,p017,3,19.76,12.72,59.28,38.16,North,Shop A
645,2025-12-09 12:34:49.268556,p039,7,428.33,327.32,2998.31,2291.24,North,Webstore
646,2025-12-09 12:34:54.291627,p015,7,391.69,277.46,2741.83,1942.22,West,Shop B
647,2025-12-09 12:34:59.317719,p028,6,163.4,98.93,980.4,593.58,North,Shop A
648,2025-12-09 12:35:04.360694,p010,3,254.89,190.1,764.67,570.3,Central,Shop B
649,2025-12-09 12:35:09.380491,p024,2,63.21,36.32,126.42,72.64,North,Webstore
650,2025-12-09 12:35:14.402697,p040,3,229.41,133.33,688.23,399.99,South,Webstore
651,2025-12-09 12:35:19.430029,p031,6,70.53,52.2,423.18,313.2,West,Shop A
652,2025-12-09 12:35:24.450223,p042,5,67.19,53.66,335.95,268.3,North,Shop B
653,2025-12-09 12:35:29.469926,p011,8,401.31,203.6,3210.48,1628.8,West,Webstore
654,2025-12-09 12:35:34.490354,p020,5,431.8,305.64,2159.0,1528.2,Central,Webstore
655,2025-12-09 12:35:39.508373,p012,9,44.01,24.62,396.09,221.58,North,Webstore
656,2025-12-09 12:35:44.539468,p031,3,478.48,290.67,1435.44,872.01,North,Shop A
657,2025-12-09 12:35:49.549603,p021,9,167.24,85.95,1505.16,773.55,North,Webstore
658,2025-12-09 12:35:54.570100,p003,6,105.29,68.63,631.74,411.78,South,Shop B
659,2025-12-09 12:35:59.598137,p009,3,184.95,126.88,554.85,380.64,Central,Webstore
660,2025-12-09 12:36:04.609927,p006,7,159.28,103.93,1114.96,727.51,Central,Webstore
661,2025-12-09 12:36:09.624650,p033,7,38.4,29.4,268.8,205.8,East,Shop B
662,2025-12-09 12:36:14.643306,p018,6,86.98,47.66,521.88,285.96,Central,Shop A
663,2025-12-09 12:36:19.675282,p018,8,163.99,121.55,1311.92,972.4,West,Webstore
664,2025-12-09 12:36:24.704566,p043,6,498.66,276.24,2991.96,1657.44,Central,Shop B
665,2025-12-09 12:36:29.717785,p004,1,442.87,300.7,442.87,300.7,South,Shop A
666,2025-12-09 12:36:34.740290,p026,1,33.9,26.67,33.9,26.67,Central,Shop B
667,2025-12-09 12:36:39.817845,p003,7,415.41,223.05,2907.87,1561.35,West,Shop A
668,2025-12-09 12:36:44.953667,p009,2,466.35,358.92,932.7,717.84,North,Shop A
669,2025-12-09 12:36:50.275278,p050,6,48.86,25.47,293.16,152.82,West,Shop B
670,2025-12-09 12:36:55.337476,p027,4,133.2,95.03,532.8,380.12,East,Shop A
671,2025-12-09 12:37:00.383118,p001,1,287.03,228.35,287.03,228.35,West,Shop B
672,2025-12-09 12:37:05.403098,p039,9,363.14,194.79,3268.26,1753.11,East,Webstore
673,2025-12-09 12:37:10.437742,p007,9,325.5,185.95,2929.5,1673.55,South,Shop A
674,2025-12-09 12:37:15.454635,p011,7,179.74,105.89,1258.18,741.23,West,Webstore
675,2025-12-09 12:37:20.485762,p037,3,288.84,163.57,866.52,490.71,South,Shop B
676,2025-12-09 12:37:25.505566,p030,9,229.61,182.72,2066.49,1644.48,West,Webstore
677,2025-12-09 12:37:30.521308,p032,4,280.37,145.8,1121.48,583.2,East,Shop A
678,2025-12-09 12:37:35.549885,p028,4,34.99,18.81,139.96,75.24,Central,Shop B
679,2025-12-09 12:37:40.573565,p026,2,274.2,138.6,548.4,277.2,Central,Shop B
680,2025-12-09 12:37:45.608946,p042,7,356.47,274.79,2495.29,1923.53,Central,Webstore
681,2025-12-09 12:37:50.629756,p039,3,427.91,327.43,1283.73,982.29,West,Shop A
682,2025-12-09 12:37:56.063749,p040,1,125.07,77.16,125.07,77.16,North,Webstore
683,2025-12-09 12:38:01.115216,p049,9,142.81,104.95,1285.29,944.55,West,Webstore
684,2025-12-09 12:38:06.327239,p048,4,60.63,36.83,242.52,147.32,South,Webstore
685,2025-12-09 12:38:11.376855,p023,5,379.42,275.32,1897.1,1376.6,North,Shop A
686,2025-12-09 12:38:16.418195,p012,7,67.31,41.77,471.17,292.39,East,Shop B
687,2025-12-09 12:38:21.433153,p046,4,481.12,291.32,1924.48,1165.28,West,Shop A
688,2025-12-09 12:38:26.467281,p021,2,158.38,93.95,316.76,187.9,North,Shop A
689,2025-12-09 12:38:31.495882,p015,2,280.01,216.47,560.02,432.94,South,Shop B
690,2025-12-09 12:38:36.515997,p007,3,45.11,25.69,135.33,77.07,West,Shop B
691,2025-12-09 12:38:41.556095,p003,8,337.29,237.07,2698.32,1896.56,South,Webstore
692,2025-12-09 12:38:46.597467,p033,7,20.65,14.12,144.55,98.84,East,Webstore
693,2025-12-09 12:38:51.623271,p006,7,406.6,291.89,2846.2,2043.23,North,Webstore
694,2025-12-09 12:38:56.651049,p027,4,347.91,251.05,1391.64,1004.2,Central,Shop A
695,2025-12-09 12:39:01.696549,p041,2,221.33,156.01,442.66,312.02,Central,Webstore
696,2025-12-09 12:39:06.732789,p021,7,491.27,268.55,3438.89,1879.85,Central,Webstore
697,2025-12-09 12:39:11.776256,p036,3,394.33,275.77,1182.99,827.31,West,Webstore
698,2025-12-09 12:39:16.814339,p033,2,206.46,161.5,412.92,323.0,Central,Webstore
699,2025-12-09 12:39:21.852366,p038,7,176.56,98.2,1235.92,687.4,West,Shop B
700,2025-12-09 12:39:26.890403,p009,8,362.09,235.82,2896.72,1886.56,Central,Shop A
701,2025-12-09 12:39:31.932517,p048,9,467.65,343.2,4208.85,3088.8,Central,Shop B
702,2025-12-09 12:39:36.972965,p005,1,226.69,171.9,226.69,171.9,East,Webstore
703,2025-12-09 12:39:42.002581,p036,7,275.53,167.69,1928.71,1173.83,Central,Shop A
704,2025-12-09 12:39:47.031244,p003,4,303.02,220.13,1212.08,880.52,Central,Webstore
705,2025-12-09 12:39:52.053577,p015,6,209.93,118.25,1259.58,709.5,North,Shop B
706,2025-12-09 12:39:57.080174,p004,4,95.17,59.46,380.68,237.84,Central,Webstore
707,2025-12-09 12:40:02.124171,p029,9,354.16,215.47,3187.44,1939.23,South,Webstore
708,2025-12-09 12:40:07.182730,p022,6,51.73,34.62,310.38,207.72,South,Shop A
709,2025-12-09 12:40:12.208434,p017,1,61.31,32.19,61.31,32.19,West,Webstore
710,2025-12-09 12:40:17.239257,p015,1,211.47,145.7,211.47,145.7,North,Webstore
711,2025-12-09 12:40:22.268584,p048,3,15.87,9.54,47.61,28.62,East,Webstore
712,2025-12-09 12:40:27.288998,p025,4,144.8,81.55,579.2,326.2,Central,Shop A
713,2025-12-09 12:40:32.317804,p022,6,65.14,36.47,390.84,218.82,Central,Shop A
714,2025-12-09 12:40:37.342148,p039,7,197.29,151.38,1381.03,1059.66,West,Shop B
715,2025-12-09 12:40:42.382850,p031,4,346.37,244.5,1385.48,978.0,North,Shop B
716,2025-12-09 12:40:47.418063,p026,5,412.02,262.92,2060.1,1314.6,South,Webstore
717,2025-12-09 12:40:52.457865,p024,3,496.78,337.68,1490.34,1013.04,East,Shop A
718,2025-12-09 12:40:57.482763,p030,1,416.18,248.16,416.18,248.16,Central,Shop A
719,2025-12-09 12:41:02.512751,p029,8,55.18,37.19,441.44,297.52,Central,Shop A
720,2025-12-09 12:41:07.557236,p027,2,412.57,326.75,825.14,653.5,Central,Shop A
721,2025-12-09 12:41:12.601981,p008,4,68.99,54.39,275.96,217.56,North,Shop B
722,2025-12-09 12:41:17.638068,p026,4,409.57,314.87,1638.28,1259.48,East,Webstore
723,2025-12-09 12:41:22.660994,p038,8,196.22,111.13,1569.76,889.04,East,Shop B
724,2025-12-09 12:41:27.698482,p038,4,129.61,90.37,518.44,361.48,East,Webstore
725,2025-12-09 12:41:32.735677,p032,4,184.07,123.65,736.28,494.6,Central,Webstore
726,2025-12-09 12:41:37.774670,p043,4,379.95,290.59,1519.8,1162.36,West,Shop B
727,2025-12-09 12:41:42.813681,p040,7,225.58,178.97,1579.06,1252.79,North,Shop B
728,2025-12-09 12:41:47.851926,p040,5,133.16,71.11,665.8,355.55,West,Shop A
729,2025-12-09 12:41:52.888092,p050,2,94.05,51.61,188.1,103.22,North,Shop B
730,2025-12-09 12:41:57.911716,p037,2,216.67,149.77,433.34,299.54,Central,Shop B
731,2025-12-09 12:42:02.950478,p025,9,352.9,235.19,3176.1,2116.71,West,Webstore
732,2025-12-09 12:42:07.991556,p043,2,188.76,100.8,377.52,201.6,Central,Shop A
733,2025-12-09 12:42:13.010740,p031,7,423.46,219.76,2964.22,1538.32,North,Shop A
734,2025-12-09 12:42:18.041487,p012,5,409.3,246.58,2046.5,1232.9,South,Shop B
735,2025-12-09 12:42:23.069707,p003,4,131.85,96.77,527.4,387.08,South,Shop A
736,2025-12-09 12:42:28.086394,p023,3,276.9,147.13,830.7,441.39,East,Shop B
737,2025-12-09 12:42:33.139639,p040,8,180.06,134.01,1440.48,1072.08,South,Shop A
738,2025-12-09 12:42:38.194854,p014,2,394.45,275.17,788.9,550.34,West,Shop A
739,2025-12-09 12:42:43.234041,p010,9,300.75,187.38,2706.75,1686.42,Central,Webstore
740,2025-12-09 12:42:48.253937,p035,4,57.94,45.83,231.76,183.32,East,Webstore
741,2025-12-09 12:42:53.267183,p019,7,495.9,366.91,3471.3,2568.37,East,Webstore
742,2025-12-09 12:42:58.303744,p002,7,370.94,265.85,2596.58,1860.95,South,Webstore
743,2025-12-09 12:43:03.320122,p009,7,375.83,252.13,2630.81,1764.91,South,Shop B
744,2025-12-09 12:43:08.335612,p014,8,210.64,167.02,1685.12,1336.16,North,Webstore
745,2025-12-09 12:43:13.350281,p018,7,410.71,258.82,2874.97,1811.74,North,Shop B
746,2025-12-09 12:43:18.382629,p023,7,401.09,245.66,2807.63,1719.62,Central,Webstore
747,2025-12-09 12:43:23.423282,p033,5,259.48,170.85,1297.4,854.25,East,Webstore
748,2025-12-09 12:43:28.453561,p050,7,260.76,163.87,1825.32,1147.09,South,Webstore
749,2025-12-09 12:43:33.468819,p035,7,168.13,126.54,1176.91,885.78,East,Shop B
750,2025-12-09 12:43:38.485336,p025,1,479.95,347.86,479.95,347.86,South,Webstore
751,2025-12-09 12:43:43.507105,p030,2,72.29,47.1,144.58,94.2,North,Shop A
752,2025-12-09 12:43:48.521693,p047,3,65.4,43.62,196.2,130.86,South,Shop A
753,2025-12-09 12:43:53.573878,p048,2,267.84,137.56,535.68,275.12,Central,Shop B
754,2025-12-09 12:43:58.599741,p031,5,453.51,264.91,2267.55,1324.55,Central,Shop B
755,2025-12-09 12:44:03.676419,p008,4,214.66,171.37,858.64,685.48,North,Shop A
756,2025-12-09 12:44:08.712927,p031,2,145.59,94.23,291.18,188.46,East,Webstore
757,2025-12-09 12:44:13.749962,p025,1,74.85,44.51,74.85,44.51,East,Shop B
758,2025-12-09 12:44:18.781202,p041,2,218.58,154.99,437.16,309.98,South,Webstore
759,2025-12-09 12:44:23.804449,p005,7,428.37,310.83,2998.59,2175.81,Central,Webstore
760,2025-12-09 12:44:28.837928,p004,7,247.5,194.46,1732.5,1361.22,West,Webstore
761,2025-12-09 12:44:33.914127,p020,6,20.01,14.19,120.06,85.14,Central,Shop B
762,2025-12-09 12:44:38.946494,p003,9,470.05,327.71,4230.45,2949.39,South,Shop B
763,2025-12-09 12:44:43.996537,p048,7,132.37,71.11,926.59,497.77,Central,Shop A
764,2025-12-09 12:44:49.045931,p030,5,272.51,169.88,1362.55,849.4,South,Shop B
765,2025-12-09 12:44:54.068192,p015,5,195.86,127.71,979.3,638.55,South,Webstore
766,2025-12-09 12:44:59.091862,p039,9,257.62,163.78,2318.58,1474.02,North,Shop A
767,2025-12-09 12:45:04.120758,p005,6,344.06,241.7,2064.36,1450.2,West,Webstore
768,2025-12-09 12:45:09.133467,p036,6,227.27,122.82,1363.62,736.92,South,Shop A
769,2025-12-09 12:45:14.148255,p029,7,83.0,54.5,581.0,381.5,South,Shop A
770,2025-12-09 12:45:19.158500,p028,9,39.44,20.31,354.96,182.79,Central,Shop A
771,2025-12-09 12:45:24.191908,p022,1,14.12,7.92,14.12,7.92,North,Shop A
772,2025-12-09 12:45:29.220135,p047,5,274.29,152.51,1371.45,762.55,West,Shop B
773,2025-12-09 12:45:34.255652,p007,6,253.23,147.2,1519.38,883.2,South,Shop B
774,2025-12-09 12:45:39.271575,p007,4,63.83,33.39,255.32,133.56,South,Shop A
775,2025-12-09 12:45:44.293676,p035,6,380.09,227.59,2280.54,1365.54,North,Webstore
776,2025-12-09 12:45:49.309131,p050,3,36.19,23.23,108.57,69.69,South,Webstore
777,2025-12-09 12:45:54.346819,p034,8,298.31,236.39,2386.48,1891.12,North,Webstore
778,2025-12-09 12:45:59.379162,p041,5,34.87,25.22,174.35,126.1,North,Shop A
779,2025-12-09 12:46:04.396848,p037,3,192.86,138.73,578.58,416.19,East,Shop A
780,2025-12-09 12:46:09.416506,p002,9,24.08,18.77,216.72,168.93,North,Webstore
781,2025-12-09 12:46:14.431423,p025,5,32.53,25.32,162.65,126.6,North,Shop B
782,2025-12-09 12:46:19.472162,p020,4,355.33,193.73,1421.32,774.92,West,Shop A
783,2025-12-09 12:46:24.482069,p041,9,172.23,93.81,1550.07,844.29,West,Shop A
784,2025-12-09 12:46:29.497936,p016,7,265.04,167.38,1855.28,1171.66,West,Webstore
785,2025-12-09 12:46:34.507549,p040,5,441.4,311.1,2207.0,1555.5,East,Shop A
786,2025-12-09 12:46:39.519359,p049,6,441.06,278.06,2646.36,1668.36,Central,Webstore
787,2025-12-09 12:46:44.534867,p046,1,161.95,85.42,161.95,85.42,East,Shop B
788,2025-12-09 12:46:49.544160,p044,4,147.05,82.22,588.2,328.88,North,Shop A
789,2025-12-09 12:46:54.564072,p020,1,362.91,198.8,362.91,198.8,Central,Webstore
790,2025-12-09 12:46:59.574338,p035,2,302.61,187.91,605.22,375.82,West,Shop A
791,2025-12-09 12:47:04.585217,p029,1,381.37,235.04,381.37,235.04,North,Shop A
792,2025-12-09 12:47:09.599508,p029,9,272.9,204.07,2456.1,1836.63,Central,Webstore
793,2025-12-09 12:47:14.621456,p041,6,267.91,134.25,1607.46,805.5,East,Webstore
794,2025-12-09 12:47:19.708195,p043,8,234.04,144.44,1872.32,1155.52,West,Shop B
795,2025-12-09 12:47:24.762313,p050,8,14.8,11.49,118.4,91.92,South,Shop A
796,2025-12-09 12:47:29.788607,p036,7,27.78,14.34,194.46,100.38,East,Shop B
797,2025-12-09 12:47:34.826147,p019,6,326.48,203.35,1958.88,1220.1,West,Shop B
798,2025-12-09 12:47:39.844705,p027,4,300.65,164.88,1202.6,659.52,East,Webstore
799,2025-12-09 12:47:44.863080,p021,5,15.89,11.41,79.45,57.05,West,Shop B
800,2025-12-09 12:47:49.890187,p012,2,444.53,236.85,889.06,473.7,Central,Webstore
801,2025-12-09 12:47:54.919786,p044,3,449.37,358.11,1348.11,1074.33,South,Shop B
802,2025-12-09 12:47:59.944675,p005,8,326.3,219.33,2610.4,1754.64,Central,Shop A
803,2025-12-09 12:48:04.968686,p031,3,159.36,127.27,478.08,381.81,North,Shop A
804,2025-12-09 12:48:10.010839,p019,4,338.69,224.23,1354.76,896.92,South,Webstore
805,2025-12-09 12:48:15.057310,p019,5,180.25,135.36,901.25,676.8,West,Shop A
806,2025-12-09 12:48:20.103491,p033,6,354.74,211.51,2128.44,1269.06,South,Webstore
807,2025-12-09 12:48:25.187135,p009,4,419.76,232.1,1679.04,928.4,North,Shop B
808,2025-12-09 12:48:30.244833,p028,5,267.45,136.3,1337.25,681.5,Central,Shop A
809,2025-12-09 12:48:35.270381,p017,7,137.0,95.54,959.0,668.78,South,Shop A
810,2025-12-09 12:48:40.296430,p015,5,248.36,133.26,1241.8,666.3,North,Shop B
811,2025-12-09 12:48:45.335143,p049,5,466.64,300.6,2333.2,1503.0,North,Shop A
812,2025-12-09 12:48:50.368125,p008,1,291.32,201.2,291.32,201.2,South,Webstore
813,2025-12-09 12:48:55.393651,p039,9,229.34,173.39,2064.06,1560.51,East,Shop A
814,2025-12-09 12:49:00.441046,p018,9,57.92,29.33,521.28,263.97,East,Shop B
815,2025-12-09 12:49:05.520248,p018,9,184.99,138.13,1664.91,1243.17,West,Webstore
816,2025-12-09 12:49:10.553885,p019,9,116.87,91.72,1051.83,825.48,East,Shop B
817,2025-12-09 12:49:15.579336,p024,8,203.11,146.98,1624.88,1175.84,West,Shop B
818,2025-12-09 12:49:20.608430,p027,4,105.65,79.5,422.6,318.0,South,Shop A
819,2025-12-09 12:49:25.642202,p045,6,36.0,28.76,216.0,172.56,East,Shop B
820,2025-12-09 12:49:30.671571,p009,4,431.16,278.8,1724.64,1115.2,East,Shop B
821,2025-12-09 12:49:35.704602,p028,3,10.25,7.64,30.75,22.92,West,Webstore
822,2025-12-09 12:49:40.734321,p037,2,417.5,318.36,835.0,636.72,West,Shop B
823,2025-12-09 12:49:45.767510,p011,7,159.32,102.46,1115.24,717.22,East,Webstore
824,2025-12-09 12:49:50.801603,p017,5,321.63,206.45,1608.15,1032.25,East,Shop A
825,2025-12-09 12:49:55.832562,p042,8,484.25,283.38,3874.0,2267.04,East,Shop B
826,2025-12-09 12:50:00.857761,p005,4,156.74,88.85,626.96,355.4,North,Webstore
827,2025-12-09 12:50:05.888476,p020,2,246.77,151.02,493.54,302.04,South,Shop B
828,2025-12-09 12:50:10.939376,p044,1,48.52,27.65,48.52,27.65,East,Shop A
829,2025-12-09 12:50:15.978310,p020,2,447.61,285.75,895.22,571.5,Central,Shop A
830,2025-12-09 12:50:21.006487,p009,5,394.89,201.43,1974.45,1007.15,Central,Webstore
831,2025-12-09 12:50:26.034783,p013,6,438.98,326.6,2633.88,1959.6,East,Shop B
832,2025-12-09 12:50:31.067461,p014,1,168.8,107.59,168.8,107.59,East,Shop B
833,2025-12-09 12:50:36.095056,p043,4,62.7,49.06,250.8,196.24,South,Shop B
834,2025-12-09 12:50:41.367392,p036,9,89.34,63.42,804.06,570.78,Central,Shop A
835,2025-12-09 12:50:46.576671,p025,3,465.31,336.79,1395.93,1010.37,Central,Shop A
836,2025-12-09 12:50:51.633926,p030,3,142.69,76.76,428.07,230.28,North,Webstore
837,2025-12-09 12:50:56.655080,p003,4,134.3,107.14,537.2,428.56,South,Shop A
838,2025-12-09 12:51:01.678317,p014,9,294.01,213.22,2646.09,1918.98,South,Shop A
839,2025-12-09 12:51:06.702795,p038,6,401.93,305.91,2411.58,1835.46,South,Shop A
840,2025-12-09 12:51:11.738984,p038,1,377.02,253.13,377.02,253.13,Central,Webstore
